"","edf","Ref.df","F","p-value","R2","Dev Explained"
"s(Treatment)",5.29155532717024,5.81673172765125,6.48429842329593,0.000605237442476536,0.558978619648441,0.645411546855673
