"","edf","Ref.df","F","p-value","R2","Dev Explained"
"s(Treatment)",4.19064442163087,4.98578144475086,10.6712584259535,0.0000212547306928657,0.656854151201373,0.710113493315216
