"","edf","Ref.df","F","p-value","R2","Dev Explained"
"s(Treatment)",1.66797737636658,2.06324975472156,29.2240312580006,0.00000140955109489971,0.687306499432646,0.706623747013506
